CODPROD;FECHAVIG;PRECIOV
1065;30/06/2011;2,5
1067;01/01/2012;2,5
1069;05/09/2011;1,1
1070;30/06/2011;1,1
1071;01/07/2012;0,75
1072;01/07/2012;0,75
1525;14/09/2012;0,8
2001;12/09/2002;0,3
2002;12/09/2002;0,3
2003;12/09/2002;0,3
2003;01/08/2003;0,3
2003;08/02/2005;0,35
2003;18/10/2006;0,36
2003;21/02/2008;0,4
2003;02/05/2008;0,6
2003;21/05/2009;0,35
2008;28/09/2002;0
2009;28/09/2002;0
2011;12/09/2002;0,1
2012;12/09/2002;0,1
2013;12/09/2002;0,1
2014;12/09/2002;0,1
2014;01/08/2003;0,1
2015;04/02/2004;0,08
2015;30/08/2005;0,08
2019;26/03/2009;0,35
2019;21/05/2009;0,35
2019;12/10/2009;0,35
2020;12/09/2002;0,24
2020;01/11/2007;0,3
2020;19/02/2008;0,3
2020;25/04/2008;0,34
2020;01/05/2008;0,338
2020;27/10/2008;0,35
2020;21/05/2009;0,35
2020;20/02/2011;0,4
2021;12/09/2002;0,24
2021;01/11/2007;0,3
2021;19/02/2008;0,3
2021;21/02/2008;0,338
2021;02/05/2008;0,338
2021;27/10/2008;0,35
2021;21/05/2009;0,35
2021;20/02/2011;0,4
2022;12/09/2002;0,24
2022;01/11/2007;0,3
2022;19/02/2008;0,3
2022;21/02/2008;0,338
2022;02/05/2008;0,338
2022;27/10/2008;0,35
2022;21/05/2009;0,35
2022;20/02/2011;0,4
2023;12/09/2002;0,24
2023;01/11/2007;0,3
2023;19/02/2008;0,3
2023;21/02/2008;0,338
2023;02/05/2008;0,338
2023;27/10/2008;0,35
2023;21/05/2009;0,35
2023;20/02/2011;0,4
2024;12/09/2002;0,24
2024;01/11/2007;0,3
2024;19/02/2008;0,3
2024;21/02/2008;0,338
2024;02/05/2008;0,338
2024;27/10/2008;0,35
2024;21/05/2009;0,35
2025;30/08/2005;0,24
2025;19/02/2008;0,3
2025;21/02/2008;0,338
2025;02/05/2008;0,338
2025;27/10/2008;0,35
2025;21/05/2009;0,35
2026;12/09/2002;0,24
2026;19/02/2008;0,3
2026;01/04/2008;0,34
2026;02/05/2008;0,338
2026;21/05/2009;0,6
2027;02/05/2008;0,6
2027;21/05/2009;0,6
2028;02/05/2008;0,33
2028;21/05/2009;0,6
2028;18/06/2009;0,35
2028;12/10/2009;0,6
2029;02/05/2008;0,6
2029;21/05/2009;0,6
2030;27/09/2002;0,1481
2031;27/09/2002;0,1481
2032;27/09/2002;0,1481
2033;27/09/2002;0,1481
2034;27/09/2002;0,1481
2034;01/08/2003;0,1481
2034;08/02/2005;0,16
2034;23/07/2007;0,2
2034;27/10/2008;0,35
2034;21/05/2009;0,6
2035;30/08/2005;0,16
2039;01/10/2003;2,3
2040;12/09/2002;2,6
2040;21/02/2008;3,63
2040;27/10/2008;4,25
2041;12/09/2002;2,6
2041;21/02/2008;3,63
2041;27/10/2008;4,25
2042;12/09/2002;2,6
2043;12/09/2002;2,6
2044;12/09/2002;2,6
2044;21/02/2008;3,63
2044;27/10/2008;4,25
2045;12/09/2002;2,6
2046;12/09/2002;2,6
2047;12/09/2002;2,6
2048;12/09/2002;2,6
2048;01/08/2003;2,6
2048;08/02/2005;2,5
2048;11/02/2005;3
2048;10/05/2005;2,6
2049;01/08/2003;2,6
2049;11/02/2005;3
2049;10/05/2005;2,6
2049;15/08/2005;3
2049;01/10/2005;2,6
2049;18/10/2006;3
2049;23/07/2007;3,5
2049;21/02/2008;3,63
2049;21/05/2008;3,63
2049;27/10/2008;4,25
2049;12/10/2009;4,5
2049;17/01/2011;4
2050;12/09/2002;8,5
2050;01/08/2003;8,5
2050;01/10/2005;8,5
2050;18/10/2006;9
2050;23/07/2007;11
2050;21/02/2008;12
2050;27/10/2008;12
2050;12/10/2009;13
2050;14/09/2012;13,04
2051;12/09/2002;8,5
2051;01/08/2003;8,5
2051;01/10/2005;8,5
2051;18/10/2006;9
2051;23/07/2007;11
2051;21/02/2008;12
2051;27/10/2008;12
2051;12/10/2009;13
2051;14/09/2012;13,04
2052;12/09/2002;8,5
2052;01/08/2003;8,5
2052;01/10/2005;8,5
2052;18/10/2006;9
2052;23/07/2007;11
2052;21/02/2008;12
2052;27/10/2008;12
2052;12/10/2009;13
2052;14/09/2012;13,04
2053;12/09/2002;8,5
2053;01/08/2003;8,5
2053;01/10/2005;8,5
2053;18/10/2006;9
2053;23/07/2007;11
2053;21/02/2008;12
2053;27/10/2008;12
2053;12/10/2009;13
2053;14/09/2012;13,04
2054;12/09/2002;8,5
2054;01/08/2003;8,5
2054;01/10/2005;8,5
2054;18/10/2006;9
2054;23/07/2007;11
2054;21/02/2008;12
2054;27/10/2008;12
2054;12/10/2009;13
2054;14/09/2012;13,04
2055;12/09/2002;8,5
2055;01/08/2003;8,5
2055;01/10/2005;8,5
2055;18/10/2006;9
2055;23/07/2007;11
2055;21/02/2008;12
2055;27/10/2008;12
2055;12/10/2009;13
2055;14/09/2012;13,04
2056;12/09/2002;8,5
2056;01/08/2003;8,5
2056;01/10/2005;8,5
2056;18/10/2006;9
2056;23/07/2007;11
2056;21/02/2008;12
2056;27/10/2008;12
2056;12/10/2009;13
2056;14/09/2012;13,04
2057;12/09/2002;8,5
2057;18/10/2006;9
2057;20/10/2007;11
2057;16/01/2011;13
2058;12/09/2002;8,5
2058;01/10/2005;8,5
2058;18/10/2006;9
2058;23/07/2007;11
2058;21/02/2008;12
2058;27/10/2008;12
2058;12/10/2009;13
2058;14/09/2012;13,04
2059;12/09/2002;8,5
2059;01/10/2005;8,5
2059;18/10/2006;9
2059;23/07/2007;11
2059;21/02/2008;12
2059;27/10/2008;12
2059;12/10/2009;13
2059;14/09/2012;13,04
2060;12/09/2002;8,5
2060;18/10/2006;9
2061;12/09/2002;8,5
2061;01/10/2005;8,5
2061;18/10/2006;9
2061;23/07/2007;11
2061;16/01/2011;13
2061;14/09/2012;13,04
2062;12/09/2002;8,5
2062;18/10/2006;9
2062;20/10/2007;11
2062;16/01/2011;13
2063;12/09/2002;8,5
2063;18/10/2006;9
2063;20/10/2007;11
2063;16/01/2011;13
2064;19/12/2009;15
2064;02/01/2010;17
2065;19/12/2009;15
2065;02/01/2010;17
2080;12/09/2002;10
2080;01/08/2003;10
2080;18/10/2006;11
2080;23/07/2007;12
2080;21/02/2008;13
2080;27/10/2008;13
2080;12/10/2009;14
2080;14/09/2012;14,03
2081;12/09/2002;10
2081;01/08/2003;10
2081;18/10/2006;11
2081;20/10/2007;12
2081;21/02/2008;13
2081;27/10/2008;13
2081;12/10/2009;14
2081;14/09/2012;14,03
2090;12/09/2002;14
2091;12/09/2002;14
2091;21/02/2008;20,5
2091;27/10/2008;18
2092;12/09/2002;14
2093;12/09/2002;14
2094;30/09/2002;14
2094;01/08/2003;14
2094;18/10/2006;15
2094;23/07/2007;17
2094;20/09/2007;19,5
2094;21/05/2008;20,5
2094;27/10/2008;18
2094;12/10/2009;20
2094;17/01/2011;18
2095;01/01/2010;15
2095;02/01/2010;17
2100;12/09/2002;14
2100;01/08/2003;14
2100;18/10/2006;15
2100;23/07/2007;17
2100;20/09/2007;19,5
2100;21/02/2008;20,5
2100;21/05/2008;20,5
2100;27/10/2008;18
2100;12/10/2009;20
2100;17/01/2011;18
2109;19/05/2009;18
2109;12/10/2009;22
2110;01/04/2003;43
2110;01/08/2003;43
2110;01/12/2004;45
2110;10/08/2005;45
2110;18/10/2006;47
2110;23/07/2007;48
2110;20/09/2007;53
2110;21/02/2008;59,5
2110;27/10/2008;65
2110;12/10/2009;68
2111;12/09/2002;43
2111;01/08/2003;43
2111;01/12/2004;45
2111;10/08/2005;45
2111;18/10/2006;47
2111;23/07/2007;48
2111;20/09/2007;53
2111;21/02/2008;59,5
2111;27/10/2008;65
2111;04/06/2010;68
2112;12/09/2002;43
2112;01/08/2003;43
2112;01/12/2004;45
2112;10/08/2005;45
2113;12/09/2002;43
2113;01/08/2003;43
2113;01/12/2004;45
2113;10/08/2005;45
2113;18/10/2006;47
2113;23/07/2007;48
2113;20/09/2007;53
2113;21/02/2008;59,5
2113;27/10/2008;65
2113;26/10/2009;68
2114;12/09/2002;43
2114;01/08/2003;43
2114;01/12/2004;45
2114;10/08/2005;45
2114;18/10/2006;47
2114;23/07/2007;48
2114;20/09/2007;53
2114;21/02/2008;59,5
2114;27/10/2008;65
2114;12/10/2009;68
2115;12/09/2002;43
2115;01/08/2003;43
2115;01/12/2004;45
2115;10/08/2005;45
2115;18/10/2006;47
2115;23/07/2007;48
2115;20/09/2007;53
2115;21/02/2008;59,5
2115;27/10/2008;65
2115;12/10/2009;68
2116;12/09/2002;43
2116;01/08/2003;43
2116;01/12/2004;45
2116;10/08/2005;45
2116;18/10/2006;47
2116;23/07/2007;48
2116;20/09/2007;53
2116;21/02/2008;59,5
2116;27/10/2008;65
2116;12/10/2009;68
2117;12/09/2002;43
2117;01/08/2003;43
2117;01/12/2004;45
2117;10/08/2005;45
2117;18/10/2006;47
2117;23/07/2007;48
2117;20/09/2007;53
2117;21/02/2008;59,5
2117;27/10/2008;65
2117;26/10/2009;68
2118;12/09/2002;43
2118;01/08/2003;43
2118;01/12/2004;45
2118;10/08/2005;45
2118;18/10/2006;47
2118;23/07/2007;48
2118;20/09/2007;53
2118;21/02/2008;59,5
2118;27/10/2008;65
2118;12/10/2009;68
2119;12/09/2002;43
2119;01/08/2003;43
2119;01/12/2004;45
2119;10/08/2005;45
2119;18/10/2006;47
2119;23/07/2007;48
2119;20/09/2007;53
2119;21/02/2008;59,5
2119;27/10/2008;65
2119;12/10/2009;68
2120;12/09/2002;43
2120;01/08/2003;43
2120;01/12/2004;45
2120;10/08/2005;45
2120;18/10/2006;47
2120;23/07/2007;48
2120;20/09/2007;53
2120;21/02/2008;59,5
2120;27/10/2008;65
2120;12/10/2009;68
2121;12/09/2002;43
2121;01/08/2003;43
2121;01/12/2004;45
2121;10/08/2005;45
2121;18/10/2006;47
2121;20/10/2007;53
2121;16/01/2011;68
2122;12/09/2002;43
2122;01/08/2003;43
2122;01/12/2004;45
2122;10/08/2005;45
2122;18/10/2006;47
2122;20/10/2007;53
2122;16/01/2011;68
2123;12/09/2002;43
2123;01/08/2003;43
2123;01/12/2004;45
2123;10/08/2005;45
2123;18/10/2006;47
2123;23/07/2007;48
2123;20/09/2007;53
2123;21/02/2008;59,5
2123;27/10/2008;65
2123;12/10/2009;68
2124;12/09/2002;43
2124;01/08/2003;43
2124;01/12/2004;45
2124;10/08/2005;45
2125;12/09/2002;43
2125;01/08/2003;43
2125;01/12/2004;45
2125;10/08/2005;45
2125;18/10/2006;47
2125;23/07/2007;48
2125;20/09/2007;53
2125;21/02/2008;59,5
2125;27/10/2008;65
2125;12/10/2009;68
2126;12/09/2002;43
2126;01/08/2003;43
2126;01/12/2004;45
2126;10/08/2005;45
2126;18/10/2006;47
2126;23/07/2007;48
2126;20/09/2007;53
2126;21/02/2008;59,5
2126;27/10/2008;65
2126;16/01/2011;68
2127;12/09/2002;43
2127;01/08/2003;43
2127;01/12/2004;45
2127;10/08/2005;45
2127;18/10/2006;47
2127;23/07/2007;48
2127;20/09/2007;53
2127;21/02/2008;59,5
2127;27/10/2008;65
2127;12/10/2009;68
2128;12/09/2002;43
2128;01/08/2003;43
2128;01/12/2004;45
2128;10/08/2005;45
2128;18/10/2006;47
2128;23/07/2007;48
2128;20/09/2007;53
2128;21/02/2008;59,5
2128;27/10/2008;65
2128;12/10/2009;68
2129;01/12/2004;45
2129;10/08/2005;45
2130;01/08/2003;43
2130;01/12/2004;45
2130;10/08/2005;45
2130;18/10/2006;47
2130;23/07/2007;48
2130;20/09/2007;53
2130;21/02/2008;59,5
2130;27/10/2008;65
2130;12/10/2009;68
2131;01/10/2002;43
2131;01/08/2003;43
2131;01/12/2004;45
2131;10/08/2005;45
2131;18/10/2006;47
2131;20/10/2007;53
2131;16/01/2011;68
2132;12/09/2002;43
2132;01/08/2003;43
2132;01/12/2004;45
2132;10/08/2005;45
2132;18/10/2006;47
2132;23/07/2007;48
2132;20/09/2007;53
2132;21/02/2008;59,5
2132;27/10/2008;65
2132;12/10/2009;68
2133;13/03/2003;43
2133;01/08/2003;43
2133;01/12/2004;45
2133;10/08/2005;45
2133;18/10/2006;47
2133;20/10/2007;53
2133;16/01/2011;68
2134;13/03/2003;43
2134;01/08/2003;43
2134;01/12/2004;45
2134;10/08/2005;45
2134;18/10/2006;47
2134;20/10/2007;53
2134;16/01/2011;68
2135;01/12/2004;45
2135;10/08/2005;45
2135;18/10/2006;47
2135;20/10/2007;53
2135;16/01/2011;68
2136;12/09/2002;43
2136;01/08/2003;43
2136;01/12/2004;45
2136;10/08/2005;45
2136;18/10/2006;47
2136;23/07/2007;48
2136;20/09/2007;53
2136;21/02/2008;59,5
2136;27/10/2008;65
2136;30/12/2009;68
2137;10/08/2005;45
2137;18/10/2006;47
2137;23/07/2007;48
2137;20/09/2007;53
2137;21/02/2008;59,5
2137;27/10/2008;65
2137;12/10/2009;68
2138;10/08/2005;45
2138;18/10/2006;47
2138;21/02/2008;59,5
2138;27/10/2008;65
2138;16/01/2011;68
2139;27/08/2005;45
2139;18/10/2006;47
2139;16/01/2011;68
2140;12/09/2002;14
2140;01/08/2003;14
2140;18/10/2006;15
2140;23/07/2007;16
2140;20/09/2007;19
2140;21/02/2008;19
2140;27/10/2008;22
2140;12/10/2009;23,5
2141;12/09/2002;14
2141;01/08/2003;14
2141;18/10/2006;15
2141;23/07/2007;16
2141;20/09/2007;19
2141;21/02/2008;19
2141;27/10/2008;22
2141;12/10/2009;23,5
2142;12/09/2002;14
2142;01/08/2003;14
2142;18/10/2006;15
2142;23/07/2007;16
2142;20/09/2007;19
2142;21/02/2008;19
2142;27/10/2008;22
2142;12/10/2009;23,5
2143;12/09/2002;14
2143;01/08/2003;14
2143;18/10/2006;15
2143;23/07/2007;16
2143;20/09/2007;19
2143;21/02/2008;19
2143;27/10/2008;22
2143;12/10/2009;23,5
2144;12/09/2002;14
2144;01/08/2003;14
2144;18/10/2006;15
2144;23/07/2007;16
2144;20/09/2007;19
2144;21/02/2008;19
2144;27/10/2008;22
2144;12/10/2009;23,5
2145;12/09/2002;14
2145;01/08/2003;14
2146;12/09/2002;14
2146;01/08/2003;14
2146;18/10/2006;15
2146;23/07/2007;16
2146;20/09/2007;19
2146;21/02/2008;19
2146;27/10/2008;23,5
2147;24/11/2004;13
2148;24/11/2004;13
2149;24/11/2004;13
2150;21/12/2005;14
2150;18/10/2006;15
2150;12/12/2006;12
2150;23/07/2007;16
2150;20/09/2007;19
2150;21/02/2008;12
2151;27/08/2005;45
2151;18/10/2006;47
2151;16/01/2011;68
2152;27/08/2005;45
2152;18/10/2006;47
2152;23/07/2007;48
2152;20/09/2007;53
2152;16/01/2011;68
2160;12/09/2002;35
2160;01/08/2003;35
2160;01/12/2004;38
2160;10/08/2005;40
2160;01/12/2006;42
2160;14/01/2008;43
2160;21/02/2008;47
2160;27/10/2008;50
2160;12/10/2009;55
2161;12/09/2002;35
2161;01/08/2003;35
2161;01/12/2004;38
2161;10/08/2005;40
2161;18/10/2006;42
2161;23/07/2007;43
2161;21/02/2008;47
2161;27/10/2008;50
2161;12/10/2009;55
2162;23/07/1907;43
2162;12/09/2002;35
2162;01/08/2003;35
2162;01/12/2004;38
2162;10/08/2005;40
2162;01/07/2007;42
2162;16/01/2011;55
2163;12/09/2002;35
2163;01/08/2003;35
2163;01/12/2004;38
2163;10/08/2005;40
2163;18/10/2006;42
2163;23/07/2007;43
2163;21/02/2008;47
2163;27/10/2008;50
2163;12/10/2009;55
2164;12/09/2002;35
2164;01/08/2003;35
2164;01/12/2004;38
2164;10/08/2005;40
2164;01/07/2007;42
2164;21/02/2008;47
2164;27/10/2008;50
2164;16/01/2011;55
2165;12/09/2002;35
2165;01/08/2003;35
2165;01/12/2004;38
2165;10/08/2005;40
2165;18/10/2006;42
2165;23/07/2007;43
2165;21/02/2008;47
2165;27/10/2008;50
2165;12/10/2009;55
2166;12/09/2002;35
2166;01/08/2003;35
2166;01/12/2004;38
2166;10/08/2005;40
2166;18/10/2006;42
2166;23/07/2007;43
2166;21/02/2008;47
2166;27/10/2008;50
2166;12/10/2009;55
2167;23/07/1907;43
2167;12/09/2002;35
2167;01/08/2003;35
2167;01/12/2004;38
2167;10/08/2005;40
2167;18/10/2006;42
2167;23/07/2007;43
2167;21/02/2008;47
2167;27/10/2008;50
2167;12/10/2009;55
2168;12/09/2002;35
2168;01/08/2003;35
2168;01/12/2004;38
2168;10/08/2005;40
2168;18/10/2006;42
2168;13/10/2007;43
2168;21/02/2008;47
2168;27/10/2008;50
2168;01/02/2010;55
2169;12/09/2002;35
2169;01/08/2003;35
2169;01/12/2004;38
2169;10/08/2005;40
2169;18/10/2006;42
2169;23/07/2007;43
2169;21/02/2008;47
2169;27/10/2008;50
2169;12/10/2009;55
2170;12/09/2002;35
2170;01/08/2003;35
2170;01/12/2004;38
2170;10/08/2005;40
2170;18/10/2006;42
2170;23/07/2007;43
2170;21/02/2008;47
2170;27/10/2008;50
2170;12/10/2009;55
2171;12/09/2002;35
2171;01/08/2003;35
2171;01/12/2004;38
2171;10/08/2005;40
2171;18/10/2006;42
2171;16/01/2011;55
2172;12/09/2002;35
2172;01/08/2003;35
2172;01/12/2004;38
2172;10/08/2005;40
2172;18/10/2006;42
2172;23/07/2007;43
2172;21/02/2008;47
2172;27/10/2008;50
2172;12/10/2009;55
2173;12/09/2002;35
2173;01/08/2003;35
2173;01/12/2004;38
2173;10/08/2005;40
2173;18/10/2006;42
2173;23/07/2007;43
2173;21/02/2008;47
2173;27/10/2008;50
2173;01/02/2010;55
2174;12/09/2002;35
2174;01/08/2003;35
2174;01/12/2004;38
2174;10/08/2005;40
2174;18/10/2006;42
2174;23/07/2007;43
2174;21/02/2008;47
2174;27/10/2008;50
2174;12/10/2009;55
2175;12/09/2002;35
2175;01/08/2003;35
2175;01/12/2004;38
2175;10/08/2005;40
2175;18/10/2006;42
2175;23/07/2007;43
2175;21/02/2008;47
2175;27/10/2008;50
2175;12/10/2009;55
2176;12/09/2002;35
2176;01/08/2003;35
2176;01/12/2004;38
2176;10/08/2005;40
2176;21/02/2008;47
2176;27/10/2008;50
2177;12/09/2002;35
2177;01/08/2003;35
2177;01/12/2004;38
2177;10/08/2005;40
2177;01/12/2006;42
2177;09/10/2007;43
2177;21/02/2008;47
2177;27/10/2008;50
2177;01/03/2010;55
2178;12/09/2002;35
2178;01/08/2003;35
2178;01/12/2004;38
2178;10/08/2005;40
2179;12/09/2002;35
2179;01/08/2003;35
2179;01/12/2004;38
2179;10/08/2005;40
2180;12/09/2002;35
2180;01/08/2003;35
2180;01/12/2004;38
2180;10/08/2005;40
2181;01/04/2003;35
2181;01/08/2003;35
2181;01/12/2004;38
2181;10/08/2005;40
2181;21/02/2008;47
2181;27/10/2008;50
2182;12/03/2003;35
2182;01/08/2003;35
2182;01/12/2004;38
2182;10/08/2005;40
2182;21/02/2008;47
2182;27/10/2008;50
2182;01/02/2010;55
2183;08/09/2003;40
2184;08/09/2003;40
2185;08/09/2003;40
2186;12/08/2005;40
2186;01/07/2007;42
2186;10/10/2007;43
2186;21/02/2008;47
2186;27/10/2008;50
2186;01/01/2010;55
2187;10/08/2005;40
2187;21/02/2008;47
2187;27/10/2008;50
2188;27/08/2005;40
2188;18/10/2006;42
2188;23/07/2007;43
2188;16/01/2011;55
2189;27/08/2005;40
2189;18/10/2006;42
2189;16/01/2011;55
2190;27/09/2002;40
2190;01/08/2003;40
2190;13/05/2006;43
2190;18/10/2006;43
2190;16/05/2007;50
2190;21/02/2008;56,5
2190;21/05/2008;56,5
2190;27/10/2008;57
2190;12/10/2009;60
2190;20/05/2010;61
2190;11/05/2011;60
2191;10/05/2005;35
2191;18/10/2006;35
2191;16/05/2007;40
2191;21/02/2008;46,5
2191;21/05/2008;46,5
2191;27/10/2008;50
2191;12/10/2009;55
2191;20/05/2010;51
2191;11/05/2011;51
2191;19/05/2012;54
2192;19/12/2009;50
2193;16/03/2011;45
2194;16/03/2011;45
2195;16/03/2011;45
2195;01/03/2012;55
2195;19/05/2012;55
2196;16/03/2011;45
2196;01/03/2012;53
2197;21/12/2010;40
2197;11/05/2011;41
2198;27/10/2008;40
2198;17/12/2010;40
2198;19/12/2011;50
2199;21/05/2008;50
2199;20/05/2009;50
2199;12/10/2009;55
2199;20/05/2010;51
2199;19/05/2012;54
2200;27/09/2002;26
2200;01/08/2003;26
2200;18/10/2006;26
2200;16/05/2007;35
2200;21/02/2008;36,5
2200;21/05/2008;36,5
2200;27/10/2008;40
2200;12/10/2009;43
2200;17/01/2011;40
2200;11/05/2011;43
2201;01/04/2003;16
2201;02/04/2003;16
2201;01/08/2003;16
2201;01/03/2012;50
2202;16/05/2007;43
2202;21/08/2007;44
2202;21/02/2008;56,5
2202;21/05/2008;56,5
2202;27/10/2008;50
2202;12/10/2009;55
2202;20/05/2010;51
2202;11/05/2011;51
2202;19/05/2012;54
2203;16/05/2007;43
2203;21/08/2007;44
2203;21/02/2008;56,5
2203;21/05/2008;56,5
2203;27/10/2008;50
2203;12/10/2009;55
2203;20/05/2010;51
2203;11/05/2011;51
2203;19/05/2012;54
2204;16/12/2010;40
2204;17/12/2010;40
2205;17/12/2010;40
2205;19/12/2011;50
2206;27/10/2008;20
2206;17/12/2010;40
2207;22/10/2010;30
2208;21/05/2008;56,5
2209;19/05/2010;41
2210;19/05/2010;4,5
2211;20/05/2010;26
2211;16/01/2011;35
2212;20/05/2010;15
2213;20/05/2010;15
2214;21/07/2010;15
2215;12/05/2011;35
2216;19/10/2011;40
2217;19/10/2011;40
2217;26/10/2012;43,68
2218;19/10/2011;40
2218;26/10/2012;43,68
2219;17/12/2011;42
2220;12/09/2002;12
2220;01/08/2003;12
2221;24/07/2006;3
2221;08/01/2007;3,5
2221;23/04/2007;3,6
2221;23/07/2007;3,6
2221;27/11/2007;3,7
2221;18/03/2008;5
2221;10/09/2008;4,5
2221;11/12/2008;4
2221;12/10/2009;4,1
2221;13/10/2009;3,9
2221;20/02/2011;4,4
2222;12/09/2002;12
2222;01/08/2003;12
2222;16/11/2006;4
2222;23/04/2007;4,2
2222;23/07/2007;4,5
2222;27/11/2007;4,5
2222;18/03/2008;5,4
2222;10/09/2008;5
2222;09/11/2009;4,5
2222;21/02/2011;5,5
2223;12/09/2002;12
2223;01/08/2003;12
2223;17/03/2009;5,2
2223;12/10/2009;6
2223;13/10/2009;5,5
2224;12/09/2002;12
2224;01/08/2003;12
2224;01/04/2006;5
2224;14/07/2006;4
2224;08/01/2007;4,5
2224;23/07/2007;5,5
2224;27/11/2007;5,5
2224;18/03/2008;6,5
2224;17/03/2009;5,2
2224;12/10/2009;6
2224;13/10/2009;5,5
2225;01/03/2006;3,2
2225;29/03/2006;2,9
2225;16/10/2006;2,9
2225;08/01/2007;3,1
2225;06/02/2007;2,9
2225;11/02/2007;3,1
2225;23/04/2007;3,3
2225;23/07/2007;3,4
2225;13/08/2007;3,5
2225;27/11/2007;3,6
2225;18/03/2008;4,3
2225;10/09/2008;4
2225;12/10/2009;3,8
2225;13/10/2009;4
2225;21/02/2011;4
2225;10/06/2011;4,3
2226;24/07/2006;3
2226;08/01/2007;3,5
2226;23/04/2007;3,6
2226;23/07/2007;3,6
2226;27/11/2007;3,7
2226;18/03/2008;5
2226;10/09/2008;4,5
2226;03/12/2008;4
2226;12/10/2009;4,2
2226;13/10/2009;3,9
2226;01/01/2012;4,4
2227;01/06/2006;1,6
2227;08/01/2007;1,8
2227;23/04/2007;2
2227;23/07/2007;2
2227;27/11/2007;2,1
2227;18/03/2008;2,4
2227;10/09/2008;2
2227;07/11/2008;1,667
2227;12/10/2009;1,8
2227;14/05/2010;1,55
2227;21/02/2011;1,8
2228;01/06/2006;1,6
2228;08/01/2007;1,8
2228;23/04/2007;2
2228;23/07/2007;2
2228;27/11/2007;2,1
2228;18/03/2008;2,4
2228;10/09/2008;2
2228;07/11/2008;1,667
2228;12/10/2009;1,8
2228;14/05/2010;1,55
2228;21/02/2011;1,8
2229;01/06/2006;1,6
2229;08/01/2007;1,8
2229;23/04/2007;2
2229;23/07/2007;2
2229;27/11/2007;2,1
2229;18/03/2008;2,4
2229;10/09/2008;2
2229;07/11/2008;1,667
2229;12/10/2009;1,8
2229;14/05/2010;1,55
2229;21/02/2011;1,8
2230;12/09/2002;0,35
2230;01/08/2003;0,35
2231;12/09/2002;0,35
2231;01/08/2003;0,35
2232;12/09/2002;0,35
2232;01/08/2003;0,35
2232;19/03/2007;0,4
2232;13/08/2007;0,35
2232;12/10/2009;0,4
2233;12/09/2002;0,35
2233;01/08/2003;0,35
2233;08/03/2007;0,6
2233;19/03/2007;0,4
2233;13/08/2007;0,35
2234;12/09/2002;0,35
2234;01/08/2003;0,35
2234;08/03/2007;0,6
2234;19/03/2007;0,4
2234;13/08/2007;0,35
2234;12/10/2009;0,4
2235;12/09/2002;0,35
2235;01/08/2003;0,35
2235;19/03/2007;0,4
2240;12/09/2002;0,4
2240;01/08/2003;0,4
2242;01/04/2012;4,5
2243;26/10/2012;25,48
2245;01/02/2003;0,35
2245;01/08/2003;0,35
2250;12/09/2002;2,5
2250;01/08/2003;2,5
2260;12/09/2002;0,4
2261;12/09/2002;0,4
2262;12/09/2002;0,4
2262;01/08/2003;0,4
2263;12/09/2002;0,4
2264;12/09/2002;0,4
2264;01/08/2003;0,4
2265;05/03/2004;0,29
2270;12/09/2002;0,41
2270;11/05/2003;0,39
2270;12/05/2003;0,39
2270;15/08/2005;0,41
2277;01/07/2006;2,2
2277;23/04/2007;2,4
2277;13/08/2007;2,2
2278;01/07/2006;2,2
2278;23/04/2007;2,4
2278;13/08/2007;2,2
2279;01/07/2006;2,2
2279;23/04/2007;2,4
2279;23/07/2007;2,2
2279;13/08/2007;2,2
2280;12/09/2002;0,8
2280;01/08/2003;0,8
2281;12/09/2002;0,8
2281;01/08/2003;0,8
2282;12/09/2002;0,8
2282;01/08/2003;0,8
2283;12/09/2002;0,8
2283;01/08/2003;0,8
2284;12/09/2002;0,8
2284;01/08/2003;0,8
2285;27/10/2003;0,4
2285;21/02/2011;0,4
2286;12/09/2002;0,8
2286;01/08/2003;0,8
2286;01/02/2010;0,4
2286;21/02/2011;0,4
2287;27/10/2003;0,4
2287;21/02/2011;0,4
2288;27/10/2003;0,4
2288;01/11/2003;0,4
2288;21/02/2011;0,4
2289;27/10/2003;0,4
2289;21/02/2011;0,4
2290;12/09/2002;1,6
2291;12/09/2002;1,6
2292;12/09/2002;1,6
2293;12/09/2002;1,6
2293;01/08/2003;1,6
2297;18/06/2011;0,4
2298;01/11/2003;0,4
2298;21/02/2011;0,4
2299;01/11/2003;0,4
2299;21/02/2011;0,4
2300;12/09/2002;0,4
2300;01/08/2003;0,4
2300;18/03/2008;0,42
2300;02/07/2009;0,4
2300;21/02/2011;0,41
2301;12/09/2002;0,4
2301;01/08/2003;0,4
2301;18/03/2008;0,42
2301;02/07/2009;0,4
2301;21/02/2011;0,41
2302;12/09/2002;0,4
2302;01/08/2003;0,4
2303;12/09/2002;0,4
2303;01/08/2003;0,4
2304;12/09/2002;0,4
2304;01/08/2003;0,4
2306;12/09/2002;0,4
2306;01/08/2003;0,4
2307;12/09/2002;0,4
2307;01/08/2003;0,4
2307;18/03/2008;0,42
2307;02/07/2009;0,4
2307;21/02/2011;0,41
2308;12/09/2002;0,4
2308;01/08/2003;0,4
2309;12/03/2003;0,4
2309;01/08/2003;0,4
2310;22/10/2002;0,3636
2310;01/08/2003;0,4
2311;22/10/2002;0,3636
2311;01/08/2003;0,4
2312;22/10/2002;0,3636
2312;01/08/2003;0,4
2313;22/10/2002;0,3636
2313;01/08/2003;0,4
2316;23/10/2003;0,3333
2317;22/10/2002;0,3636
2317;01/08/2003;0,4
2318;03/02/2004;0,555
2319;01/03/2004;0,62
2320;12/09/2002;7,2
2320;08/06/2005;8
2320;22/06/2005;7,5
2320;01/01/2006;7,5
2320;14/11/2006;8
2320;01/03/2007;8,5
2320;13/08/2007;9
2320;18/03/2008;9,5
2320;21/02/2011;11
2321;12/09/2002;7,2
2321;08/06/2005;8
2321;22/06/2005;7,5
2321;01/01/2006;7,5
2321;08/01/2007;8
2321;13/08/2007;9
2321;18/03/2008;9,5
2321;21/02/2011;11
2322;12/09/2002;7,2
2322;08/06/2005;8
2322;22/06/2005;7,5
2322;01/01/2006;7,5
2322;14/11/2006;8
2322;01/03/2007;8,5
2322;13/08/2007;9
2322;18/03/2008;9,5
2322;21/02/2011;11
2323;12/09/2002;7,2
2323;08/06/2005;8
2323;22/06/2005;7,5
2323;01/01/2006;7,5
2323;14/11/2006;8
2323;01/03/2007;8,5
2323;13/08/2007;9
2323;18/03/2008;9,5
2323;21/02/2011;11
2324;12/09/2002;7,2
2324;22/06/2005;7,5
2325;12/09/2002;7,2
2325;08/06/2005;8
2325;22/06/2005;7,5
2326;12/09/2002;7,2
2326;08/06/2005;8
2326;22/06/2005;7,5
2327;30/09/2002;7,2
2327;01/11/2002;7,2
2327;01/08/2003;7,2
2327;01/09/2004;7,5
2327;08/06/2005;8
2327;22/06/2005;7,5
2328;20/01/2011;0,75
2329;20/01/2011;0,75
2330;26/06/2006;6,5
2330;14/11/2006;7
2330;08/01/2007;7,3
2330;23/07/2007;7,5
2330;18/03/2008;8,5
2330;21/02/2011;9,5
2331;26/06/2006;6,5
2331;14/11/2006;7
2331;08/01/2007;7,3
2331;23/07/2007;7,5
2331;18/03/2008;8,5
2331;21/02/2011;9,5
2332;26/06/2006;6,5
2332;14/11/2006;7
2332;08/01/2007;7,3
2332;23/07/2007;7,5
2332;18/03/2008;8,5
2332;21/02/2011;9,5
2333;26/06/2006;6,5
2333;14/11/2006;7
2333;08/01/2007;7,3
2333;23/07/2007;7,5
2333;18/03/2008;8,5
2333;21/02/2011;9,5
2334;01/10/2005;7,5
2334;26/06/2006;6,5
2334;14/11/2006;7
2334;08/01/2007;7,3
2334;23/07/2007;7,5
2334;18/03/2008;8,5
2336;13/09/2005;0,74
2340;23/12/2008;6
2340;12/10/2009;6,5
2341;23/12/2008;6
2341;12/10/2009;6,5
2342;23/12/2008;6
2342;12/10/2009;6,5
2343;23/12/2008;6
2343;12/10/2009;6,5
2344;23/12/2008;6
2344;12/10/2009;6,5
2345;23/12/2008;6
2345;12/10/2009;6,5
2346;23/12/2008;6
2346;12/10/2009;6,3
2346;13/10/2009;6,5
2347;23/12/2008;6
2347;12/10/2009;6,3
2347;13/10/2009;6,5
2349;23/03/2004;0,8
2350;12/09/2002;1,6
2351;12/09/2002;1,6
2351;01/08/2003;1,6
2352;12/09/2002;1,6
2352;01/08/2003;1,6
2353;12/09/2002;1,6
2353;01/08/2003;1,6
2354;12/09/2002;1,6
2354;01/08/2003;1,6
2360;12/09/2002;9
2360;01/08/2003;9
2361;12/09/2002;9
2361;01/08/2003;9
2362;12/09/2002;9
2362;01/08/2003;9
2363;12/09/2002;9
2363;01/08/2003;9
2364;12/09/2005;34,692
2364;01/10/2005;4,51
2365;03/12/2008;9
2380;27/09/2002;16,041
2380;01/08/2003;16,041
2380;02/02/2004;1,5
2380;14/09/2012;2,51
2390;27/09/2002;0,4
2390;29/09/2002;0,3561
2390;01/08/2003;0,3561
2390;08/02/2005;0,3788
2390;01/10/2005;0,4
2390;18/10/2006;0,4015
2390;23/07/2007;0,5
2390;21/02/2008;0,5
2390;27/10/2008;0,60606
2390;12/10/2009;0,61
2390;14/09/2012;0,87
2391;27/08/2005;0,4
2391;18/10/2006;0,4015
2391;23/07/2007;0,5
2391;21/02/2008;0,5
2391;27/10/2008;0,42424
2391;12/10/2009;0,45
2391;17/01/2011;0,41
2392;27/08/2005;0,4
2392;21/02/2008;0,5
2392;27/10/2008;0,42424
2392;16/01/2011;0,45
2392;17/01/2011;0,41
2393;09/09/2005;0,4
2393;18/10/2006;0,4015
2394;09/09/2005;0,4
2395;09/09/2005;0,4
2396;01/07/2006;2,6
2400;12/09/2002;0,4
2400;01/08/2003;0,4
2401;19/11/2003;0,4
2401;18/10/2006;0,4
2401;23/07/2007;0,5
2401;21/02/2008;0,5
2401;27/10/2008;0,61667
2401;12/10/2009;0,62
2401;17/12/2010;0,8
2402;27/08/2005;0,4
2402;21/02/2008;0,5
2402;27/10/2008;0,61667
2403;27/08/2005;0,4
2403;21/02/2008;0,5
2403;27/10/2008;0,61667
2410;12/09/2002;0,75
2410;01/08/2003;0,75
2410;01/10/2005;0,8
2410;18/10/2006;0,8
2410;23/07/2007;1,1
2410;23/08/2007;0,8
2410;21/02/2008;0,81
2410;27/10/2008;109,091
2410;16/01/2011;1,15
2420;27/09/2002;11,667
2420;01/08/2003;11,667
2420;21/05/2009;0,001
2427;01/04/2003;0,7
2427;01/05/2003;0,75
2427;01/08/2003;0,75
2427;01/09/2004;0,4015
2430;12/09/2002;0,4
2430;01/08/2003;0,4
2431;29/09/2002;0,4
2431;01/08/2003;0,4
2431;23/08/2007;0,4
2431;21/02/2008;0,425
2431;27/10/2008;0,425
2432;22/12/2002;0,4
2432;01/08/2003;0,4
2432;18/10/2006;0,4
2432;23/07/2007;0,5
2432;23/08/2007;0,4
2432;21/02/2008;0,425
2432;12/10/2009;0,45
2432;16/01/2011;0,75
2435;23/08/2007;0,4
2435;21/02/2008;0,425
2435;27/10/2008;0,425
2436;23/08/2007;0,4
2436;21/02/2008;0,425
2436;27/10/2008;0,42424
2437;23/08/2007;0,4
2437;21/02/2008;0,425
2437;27/10/2008;0,42424
2438;23/08/2007;0,4
2438;21/02/2008;0,425
2438;27/10/2008;0,42424
2445;27/09/2002;0,4015
2445;01/08/2003;0,4015
2445;01/10/2005;0,4
2445;18/10/2006;0,4015
2445;23/07/2007;0,5
2445;23/08/2007;0,4
2445;21/02/2008;0,425
2445;12/10/2009;0,45
2445;15/11/2010;0,4
2445;16/01/2011;0,75
2450;27/09/2002;0,3561
2451;27/09/2002;0,3561
2452;27/09/2002;0,3561
2453;27/09/2002;0,3561
2454;27/09/2002;0,3561
2455;27/09/2002;0,3561
2456;27/09/2002;0,3561
2457;27/09/2002;0,3561
2458;01/10/2002;0,3561
2458;01/08/2003;0,3561
2458;08/02/2005;0,3788
2458;01/10/2005;0,4
2458;21/05/2009;0,001
2461;02/07/2005;0,4167
2461;24/10/2005;0,4167
2461;18/10/2006;0,42
2461;20/09/2007;0,5
2461;21/02/2008;0,5
2461;27/10/2008;0,61111
2461;16/01/2011;0,75
2462;02/07/2005;0,4
2462;21/02/2008;0,5
2462;27/10/2008;0,61111
2463;02/07/2005;0,4
2464;02/07/2005;0,4
2465;02/07/2005;0,4
2466;02/07/2005;0,4
2466;21/02/2008;0,5
2466;27/10/2008;0,61111
2470;27/09/2002;11,052
2471;06/12/2003;16,574
2471;10/12/2003;16,574
2471;03/02/2004;16,574
2471;01/10/2005;16,574
2471;18/10/2006;16,574
2471;23/07/2007;2
2471;21/02/2008;2
2471;27/10/2008;222,222
2471;12/10/2009;2,3
2471;24/10/2012;2,51
2472;16/08/2008;3,5
2472;27/10/2008;4
2472;12/10/2009;4,3
2472;15/11/2010;3,8
2473;03/12/2008;0,425
2473;12/10/2009;0,45
2473;16/01/2011;0,75
2474;07/11/2008;11,818
2474;12/10/2009;1,25
2475;19/05/2010;3,5
2475;15/11/2010;3
2475;14/09/2012;3,31
2480;12/09/2002;0,8
2480;01/08/2003;0,8
2480;18/10/2006;0,8
2480;23/07/2007;1,1
2480;21/02/2008;1,25
2481;01/08/2003;0,697
2481;28/02/2004;0,697
2481;01/10/2005;0,8
2490;27/09/2002;0,697
2490;21/02/2008;0,8
2490;27/10/2008;0,80303
2491;27/09/2002;0,697
2491;21/02/2008;0,8
2491;27/10/2008;0,80303
2492;27/09/2002;0,697
2492;01/08/2003;0,697
2492;01/10/2005;0,8
2492;18/10/2006;0,8
2492;23/07/2007;1,1
2492;21/02/2008;0,8
2492;21/05/2009;0,803
2492;12/10/2009;0,85
2500;27/09/2002;11,667
2500;01/08/2003;11,667
2500;18/10/2006;1,2
2500;23/07/2007;1,5
2500;21/02/2008;1,5
2500;27/10/2008;158,333
2500;12/10/2009;1,7
2500;14/09/2012;2
2501;01/10/2005;0,8
2501;21/02/2008;1,1
2501;27/10/2008;114,583
2502;01/10/2005;0,8
2502;21/02/2008;1,1
2502;27/10/2008;114,583
2503;01/10/2005;0,8
2504;01/10/2005;0,8
2504;21/02/2008;1,1
2504;27/10/2008;114,583
2505;01/10/2005;0,8
2510;12/09/2002;0,4
2510;01/12/2004;0,4018
2511;12/09/2002;0,4
2511;01/12/2004;0,4018
2512;12/09/2002;0,4
2512;01/12/2004;0,4018
2513;12/09/2002;0,4
2513;01/12/2004;0,4018
2514;12/09/2002;0,4
2514;01/08/2003;0,4
2514;01/12/2004;0,4018
2516;13/06/2005;0,75
2516;01/10/2005;0,7
2516;18/10/2006;0,7143
2516;23/07/2007;0,8
2516;21/02/2008;1,1
2516;21/05/2009;11,071
2516;12/10/2009;1,11
2517;01/10/2005;0,7
2517;21/02/2008;1,1
2517;27/10/2008;110,714
2518;01/10/2005;0,7
2518;21/02/2008;1,1
2518;27/10/2008;110,714
2519;01/10/2005;0,7
2519;21/02/2008;1,1
2519;27/10/2008;110,714
2520;27/09/2002;19,118
2520;01/08/2003;19,118
2520;03/05/2004;2,04
2521;01/04/2003;1,91
2522;27/09/2003;0,7
2522;01/09/2004;0,75
2522;01/10/2005;0,8
2522;18/10/2006;0,8
2522;23/07/2007;1,1
2522;21/02/2008;1,1
2522;21/05/2009;11,458
2522;12/10/2009;1,3
2523;15/01/2004;20,384
2523;03/05/2004;20,384
2523;18/10/2006;2,2
2523;23/07/2007;2,5
2523;20/09/2007;3,5
2523;21/02/2008;3,5
2523;21/05/2008;3,5
2523;27/10/2008;346,154
2523;12/10/2009;3,7
2523;17/01/2011;4,7
2523;08/02/2011;3,7
2524;15/01/2004;1,91
2524;03/05/2004;2,04
2524;21/02/2008;3,5
2524;27/10/2008;346,154
2525;01/10/2005;0,7
2527;12/03/2007;2,2
2527;16/05/2007;3,5
2527;20/09/2007;4
2527;21/02/2008;4,15
2527;21/05/2008;4,15
2527;27/10/2008;430,769
2527;12/10/2009;4,7
2527;08/02/2011;3,7
2527;01/03/2011;4,7
2528;01/12/2003;0,4
2530;12/03/2007;2,2
2530;16/05/2007;3,5
2530;21/08/2007;2,5
2530;20/09/2007;4
2530;21/02/2008;4,15
2530;21/05/2008;4,15
2530;27/10/2008;430,769
2530;12/10/2009;4,7
2531;12/03/2007;2,2
2531;16/05/2007;3,5
2531;20/05/2009;43,077
2531;12/10/2009;4,7
2532;19/05/2009;43,077
2532;12/10/2009;4,7
2533;12/09/2002;0,7
2534;01/10/2002;0,7
2534;01/08/2003;0,7
2536;28/02/2004;0,7
2536;15/03/2004;0,4
2537;03/12/2004;0,65
2538;01/10/2005;0,7
2540;12/09/2002;1,6
2540;21/02/2008;3
2540;27/10/2008;3
2541;12/09/2002;1,6
2541;21/02/2008;3
2541;27/10/2008;3
2542;12/09/2002;1,6
2542;21/02/2008;3
2542;27/10/2008;3
2543;12/09/2002;1,6
2544;12/09/2002;1,6
2545;12/09/2002;1,6
2545;01/08/2003;1,6
2545;08/02/2005;2
2545;01/10/2005;2
2545;18/10/2006;2
2545;23/07/2007;2,5
2545;20/09/2007;3
2545;17/01/2011;2
2545;21/10/2011;2,4
2546;01/01/2012;4,2
2547;01/01/2012;4,2
2550;12/09/2002;1,6
2550;21/02/2008;3
2550;27/10/2008;3
2551;12/09/2002;1,6
2551;21/02/2008;3
2551;27/10/2008;3
2552;12/09/2002;1,6
2552;01/08/2003;1,6
2552;08/02/2005;2
2552;01/10/2005;2
2552;18/10/2006;2
2552;23/07/2007;2,5
2552;20/09/2007;3
2552;21/02/2008;3
2560;12/09/2002;0,4
2560;01/06/2009;0,8
2561;12/09/2002;0,4
2561;01/06/2009;0,8
2562;12/09/2002;0,4
2562;01/06/2009;0,8
2563;12/09/2002;0,4
2563;01/06/2009;0,8
2564;12/09/2002;0,4
2570;27/09/2002;0,3959
2570;21/02/2008;0,5
2570;27/10/2008;0,41667
2571;27/09/2002;0,3959
2572;27/09/2002;0,3959
2573;27/09/2002;0,3959
2573;21/02/2008;0,5
2573;27/10/2008;0,41667
2573;12/10/2009;0,45
2573;17/12/2010;0,65
2573;16/01/2011;0,75
2574;27/09/2002;0,3959
2574;21/02/2008;0,5
2574;27/10/2008;0,41667
2575;27/09/2002;0,3959
2580;01/11/2002;8
2580;01/08/2003;8
2580;01/09/2004;8,5
2590;12/09/2002;0,7
2590;01/08/2003;0,7
2590;30/07/2006;0,5
2590;08/01/2007;0,7
2590;23/07/2007;0,5
2591;12/09/2002;0,7
2591;01/08/2003;0,7
2591;30/07/2006;0,5
2591;08/01/2007;0,7
2591;23/07/2007;0,5
2600;27/09/2002;0,4
2600;01/08/2003;0,4
2600;01/09/2004;0,4
2600;12/10/2009;0,38
2600;13/10/2009;0,4
2601;01/04/2003;0,4
2601;01/06/2003;0,4
2601;01/08/2003;0,4
2601;09/11/2004;0,4
2601;19/06/2009;0,4
2602;01/04/2003;0,7
2602;01/08/2003;0,7
2602;01/04/2007;0,4
2602;19/06/2009;0,4
2602;12/10/2009;0,4
2610;12/09/2002;2,5
2610;28/07/2003;2,5
2610;01/08/2003;2,5
2610;13/08/2007;2,6
2610;01/01/2011;3
2611;20/11/2003;0,375
2612;28/07/2003;2,5
2612;01/08/2003;2,5
2613;16/07/2005;4,5
2614;16/07/2005;4,5
2614;10/09/2008;3,67
2614;12/10/2009;4,5
2620;12/09/2002;6
2620;23/06/2003;6
2620;01/08/2003;6
2620;25/10/2004;6
2620;10/11/2004;6
2620;05/09/2005;6
2620;01/10/2005;6
2620;11/10/2006;61,667
2620;13/08/2007;63,333
2620;18/11/2008;6,5
2620;28/02/2011;7,5
2621;25/03/2003;6
2621;23/06/2003;6
2621;01/08/2003;6
2621;25/10/2004;6
2621;10/11/2004;6
2621;05/09/2005;6
2621;01/10/2005;6
2621;11/10/2006;61,667
2621;13/08/2007;63,333
2621;18/11/2008;6,5
2621;28/02/2011;7,5
2622;01/08/2003;5,5
2622;08/01/2004;5
2622;15/01/2004;5
2623;01/04/2003;12
2623;01/08/2003;12
2626;23/07/2007;0,5
2626;12/10/2009;0,5
2626;01/01/2011;0,6
2630;12/09/2002;13,5
2630;20/02/2003;13,5
2630;01/08/2003;13,5
2630;01/10/2005;13,5
2630;13/08/2007;14
2630;12/10/2009;14,5
2630;01/01/2011;15
2631;01/04/2003;13,5
2631;01/08/2003;13,5
2640;12/09/2002;1,2
2640;01/08/2003;1,2
2640;24/07/2006;1,6
2640;08/01/2007;1,7
2640;16/05/2007;1,3
2640;23/07/2007;1,5
2640;15/02/2008;1,6
2640;10/09/2008;1,3
2641;15/02/2008;1,6
2641;10/09/2008;1,3
2641;12/10/2009;1,6
2641;13/10/2009;1,4
2641;14/05/2010;1,5
2641;01/01/2011;1,25
2641;28/02/2011;1,5
2642;15/02/2008;1,6
2642;10/09/2008;1,3
2642;12/10/2009;1,4
2642;14/05/2010;1,5
2642;01/01/2011;1,25
2642;28/02/2011;1,5
2643;15/02/2008;1,6
2643;10/09/2008;1,3
2643;12/10/2009;1,4
2643;14/05/2010;1,5
2643;01/01/2011;1,25
2643;28/02/2011;1,5
2644;15/02/2008;1,6
2644;10/09/2008;1,3
2644;12/10/2009;1,4
2644;14/05/2010;1,5
2644;01/01/2011;1,25
2644;28/02/2011;1,5
2645;15/02/2008;1,6
2645;10/09/2008;1,3
2645;01/01/2011;1,25
2650;12/09/2002;10,5
2650;20/02/2003;12
2650;01/08/2003;12
2660;12/09/2002;6
2660;23/06/2003;6
2660;01/08/2003;6
2660;25/10/2004;6
2660;10/11/2004;6
2660;11/10/2006;61,667
2660;13/08/2007;6,333
2660;18/11/2008;6,5
2660;28/02/2011;7,5
2661;09/11/2004;6
2661;05/09/2005;6
2661;01/10/2005;6
2661;11/10/2006;61,667
2661;13/08/2007;6,333
2661;18/11/2008;6,5
2661;28/02/2011;7,5
2662;12/09/2002;6
2662;23/06/2003;6
2662;01/08/2003;6
2662;25/10/2004;6
2662;10/11/2004;6
2662;05/09/2005;6
2662;01/10/2005;6
2662;11/10/2006;61,667
2662;13/08/2007;63,333
2662;18/11/2008;6,5
2662;28/02/2011;7,5
2663;16/11/2011;7,5
2670;12/09/2002;2,5
2670;01/08/2003;2,5
2671;26/06/2009;3,666
2671;12/10/2009;4
2671;13/10/2009;3,8
2671;02/08/2010;4
2671;01/01/2011;4,3
2680;12/09/2002;0,65
2680;01/08/2003;0,65
2680;25/03/2008;6,33
2680;22/07/2008;7,5
2680;08/04/2009;6,5
2680;01/07/2009;7,5
2680;13/09/2010;6,5
2680;01/11/2010;7
2680;01/01/2011;7,5
2680;28/02/2011;8,25
2680;11/08/2011;8,583
2681;25/03/2008;6,33
2681;22/07/2008;7,5
2681;08/04/2009;6,5
2681;01/07/2009;7,5
2681;13/09/2010;6,5
2681;01/11/2010;7
2681;01/01/2011;7,5
2681;28/02/2011;8,25
2681;11/08/2011;8,583
2682;25/03/2008;6,33
2682;22/07/2008;7,5
2682;08/04/2009;6,5
2682;01/07/2009;7,5
2682;13/09/2010;6,5
2682;01/04/2011;8,25
2682;11/08/2011;8,583
2682;20/01/2012;7
2682;22/02/2012;8,583
2683;25/03/2008;6,33
2683;22/07/2008;7,5
2683;08/04/2009;6,5
2683;01/07/2009;7,5
2683;13/09/2010;6,5
2683;01/11/2010;7
2683;01/01/2011;7,5
2683;28/02/2011;8,25
2683;11/08/2011;8,583
2684;25/03/2008;6,33
2684;22/07/2008;7,5
2684;08/04/2009;6,5
2684;01/07/2009;7,5
2684;13/09/2010;6,5
2684;01/11/2010;7
2684;01/01/2011;7,5
2684;28/02/2011;8,25
2684;11/08/2011;8,583
2685;01/03/2009;7,5
2685;13/09/2010;6,5
2685;01/11/2010;7
2685;01/01/2011;7,5
2685;28/02/2011;8,25
2685;11/08/2011;8,583
2686;24/05/2011;8,5
2686;01/09/2011;8,583
2686;22/12/2011;9,4
2686;26/01/2012;8,7
2687;24/05/2011;8,5
2687;01/09/2011;8,583
2687;22/12/2011;9,4
2687;26/01/2012;8,7
2688;24/05/2011;8,5
2688;01/09/2011;8,583
2688;22/12/2011;9,4
2688;26/01/2012;8,7
2690;27/09/2002;0,4
2690;01/08/2003;0,4
2690;01/09/2004;0,4
2690;12/10/2009;0,4
2691;09/06/2005;0,4
2691;11/06/2005;0,4
2691;19/06/2009;0,4
2691;12/10/2009;0,4
2692;22/07/2010;0,4
2698;10/10/2006;5,5
2699;24/09/2006;3
2700;12/09/2002;1,2
2700;01/08/2003;1,2
2700;08/01/2007;1,7
2700;10/09/2008;1,3
2719;30/08/2010;3
2719;28/02/2011;3,2
2720;12/09/2002;2,5
2720;01/12/2006;2,7
2720;13/08/2007;2,9
2720;18/11/2008;3
2720;28/02/2011;3,2
2721;22/07/2003;2,5
2721;01/08/2003;2,5
2721;11/10/2006;2,7
2722;01/08/2003;2,5
2722;11/10/2006;2,7
2722;13/08/2007;2,9
2722;18/11/2008;3
2722;28/02/2011;3,2
2723;01/08/2003;2,5
2723;11/10/2006;2,7
2724;01/12/2006;2,7
2724;13/08/2007;2,9
2724;18/11/2008;3
2725;10/06/2004;8
2725;01/01/2010;1,66
2725;01/04/2010;1,75
2725;02/08/2010;1,8
2725;01/01/2011;2
2726;21/12/2009;1,66
2726;01/04/2010;1,75
2726;02/08/2010;1,8
2726;01/01/2011;2
2727;21/12/2009;1,66
2727;01/04/2010;1,75
2727;03/08/2010;1,8
2727;01/01/2011;2
2728;21/12/2009;1,66
2728;01/04/2010;1,75
2728;02/08/2010;1,8
2729;21/12/2009;1,66
2729;01/04/2010;1,75
2729;02/08/2010;1,8
2729;01/01/2011;2
2730;12/09/2002;2,5
2730;01/08/2003;2,5
2730;11/10/2006;2,7
2730;13/08/2007;2,9
2730;18/11/2008;3
2731;23/07/2003;2,5
2731;01/08/2003;2,5
2731;11/10/2006;2,7
2731;01/07/2008;0,45
2732;12/11/2004;2,5
2732;11/10/2006;2,7
2732;12/10/2009;2,75
2733;01/12/2006;2,7
2733;13/08/2007;2,9
2733;18/11/2008;3
2733;01/03/2011;3,2
2734;14/05/2011;2,5
2734;20/09/2011;2,1
2735;23/05/2011;3
2735;06/06/2011;0
2790;01/04/2003;1,5
2790;01/08/2003;1,5
2790;15/01/2004;1,25
2790;01/09/2009;1,7
2790;13/10/2009;2
2790;14/05/2010;1,5
2790;01/01/2011;1,25
2790;21/02/2011;1,5
2791;01/04/2003;1,5
2791;01/08/2003;1,5
2791;15/01/2004;1,25
2791;01/09/2009;1,7
2791;13/10/2009;2
2791;14/05/2010;1,5
2791;01/01/2011;1,25
2791;21/02/2011;1,5
2793;01/04/2003;1,5
2793;01/08/2003;1,5
2793;15/01/2004;1,25
2793;01/09/2009;1,7
2793;13/10/2009;2
2795;01/04/2003;1,5
2795;01/08/2003;1,5
2795;15/01/2004;1,25
2796;01/04/2003;1,5
2796;01/08/2003;1,5
2796;15/01/2004;1,25
2796;28/10/2004;1,25
2797;01/08/2003;1,5
2797;15/01/2004;1,25
2798;17/07/2003;1,2
2798;01/08/2003;1,2
2799;18/07/2003;16,296
2799;01/08/2003;1,63
2800;12/09/2002;0,75
2800;01/08/2003;0,75
2800;01/10/2005;0,8
2801;28/02/2004;4
2801;25/10/2004;4
2801;01/09/2009;5,2
2801;13/10/2009;5,2
2801;14/05/2010;4,5
2801;21/02/2011;5
2802;28/02/2004;5
2802;25/10/2004;4
2802;01/09/2009;5,2
2802;13/10/2009;5,2
2802;14/05/2010;4,5
2802;21/02/2011;5
2803;01/03/2004;4
2803;25/10/2004;4
2803;01/09/2009;5,2
2803;13/10/2009;5,2
2803;14/05/2010;4,5
2803;21/02/2011;5
2803;23/05/2011;4,867
2804;30/12/2002;0,75
2804;01/08/2003;0,75
2804;23/12/2005;0,8
2804;21/02/2008;0,8
2804;27/10/2008;109,091
2805;30/12/2002;0,75
2805;01/08/2003;0,75
2805;23/12/2005;0,8
2805;21/02/2008;0,8
2805;27/10/2008;109,091
2806;01/10/2002;0,75
2806;01/08/2003;0,75
2806;23/12/2005;0,8
2806;18/10/2006;0,8
2806;21/02/2008;0,8
2806;27/10/2008;109,091
2806;21/05/2009;0,803
2806;12/10/2009;0,8
2807;01/03/2004;4
2807;25/10/2004;4
2808;12/08/2004;5
2808;28/10/2004;5
2809;01/10/2011;7
2810;12/09/2002;0,4
2811;01/10/2011;7
2812;01/02/2012;7
2815;01/03/2012;50
2816;01/03/2012;50
2817;01/03/2012;45
2817;19/05/2012;50
2818;19/05/2012;62
2819;19/05/2012;50
2820;12/09/2002;2,5
2821;08/12/2012;45
2822;08/12/2012;45
2823;08/12/2012;45
2824;08/12/2012;45
2825;08/12/2012;25
2826;08/12/2012;25
2830;12/09/2002;2,5
2834;01/03/2012;17
2835;01/03/2012;17
2836;01/03/2012;17
2837;01/03/2012;17
2838;20/11/2012;17
2860;30/09/2002;6,5
2860;07/06/2003;5,5
2860;06/12/2004;6,5
2860;16/11/2006;7
2860;23/07/2007;8
2860;18/03/2008;9
2860;12/01/2011;9,5
2860;21/02/2011;9,5
2861;07/06/2003;5,5
2861;06/12/2004;6,5
2861;01/09/2010;10
2861;21/02/2011;10
2865;01/10/2002;0,5
2865;19/04/2006;17
2865;22/08/2006;24
2865;30/09/2006;19
2865;23/07/2007;24
2865;18/03/2008;24
2865;12/10/2009;25,2
2865;13/10/2009;30
2865;21/02/2011;33
2866;06/09/2005;9,24
2866;01/10/2005;9,24
2866;04/11/2005;9,24
2866;19/04/2006;15
2866;22/08/2006;24
2866;30/09/2006;19
2866;23/07/2007;24
2866;18/03/2008;24
2866;12/10/2009;32
2866;13/10/2009;30
2866;21/02/2011;33
2870;30/09/2002;1
2870;01/08/2003;0,8
2895;15/01/2003;45
2896;01/02/2010;8,5
2896;21/02/2011;9,5
2897;07/07/2005;8
2897;18/07/2005;7,8
2897;29/07/2005;8
2897;01/10/2005;7,5
2897;06/01/2006;7
2897;14/11/2006;7,5
2897;01/03/2007;8
2897;18/03/2008;8,5
2897;21/02/2011;9,5
2898;18/07/2005;7,8
2898;01/10/2005;7,5
2898;06/01/2006;7
2898;14/11/2006;7,5
2898;01/03/2007;8
2898;18/03/2008;8,5
2898;01/02/2010;8,5
2898;21/02/2011;9,5
2899;18/07/2005;7,8
2899;01/10/2005;7,5
2899;06/01/2006;7
2899;14/11/2006;7,5
2899;01/03/2007;8
2899;18/03/2008;8,5
2899;01/02/2010;8,5
2899;21/02/2011;9,5
2903;22/10/2002;8
2903;01/08/2003;8
2903;01/10/2005;8,5
2904;01/07/2003;2,6
2904;03/08/2004;2,8
2904;22/08/2005;2,9
2905;01/07/2003;0,1831
2906;01/08/2003;1,63
2924;20/01/2010;0,803
2925;27/07/2009;0,9
2926;01/08/2006;0,85
2926;08/01/2007;0,87
2926;23/07/2007;0,87
2926;27/11/2007;0,87
2926;18/03/2008;0,9
2926;21/02/2011;1
2927;01/08/2006;0,85
2927;08/01/2007;0,87
2927;23/07/2007;0,87
2927;27/11/2007;0,87
2927;18/03/2008;0,85
2927;31/03/2008;0,87
2927;01/05/2008;0,9
2927;21/02/2011;1
2927;19/11/2011;0,9
2927;01/03/2012;1
2928;01/08/2006;0,85
2928;08/01/2007;0,87
2928;23/07/2007;0,87
2928;27/11/2007;0,87
2928;18/03/2008;0,9
2928;21/02/2011;1
2929;01/06/2006;2,6
2929;17/07/2006;2,6
2929;01/10/2006;2,75
2929;16/10/2006;2,75
2929;08/01/2007;2,9
2929;01/03/2007;3
2929;23/04/2007;3,2
2929;23/07/2007;3,3
2929;13/08/2007;3,4
2929;27/11/2007;3,6
2929;18/03/2008;4,3
2929;10/09/2008;4
2929;03/04/2009;4,3
2929;30/12/2009;4
2929;14/01/2010;4,3
2929;21/02/2011;4,3
2930;01/10/2005;2,4
2930;12/04/2006;2,6
2931;01/10/2005;3
2931;01/06/2006;2,5
2932;01/10/2005;3
2932;01/06/2006;2,5
2941;01/10/2005;0,4
2941;01/06/2006;0,4
2942;01/10/2005;0,4
2944;01/06/2006;0,8
2950;01/10/2002;27,5
2952;01/10/2005;2,6
2960;01/10/2005;6,5
2961;01/10/2005;1,3
2962;01/10/2005;0,8
2963;01/10/2005;6,5
2963;18/03/2008;8
2964;01/10/2005;0,4
2965;01/10/2005;4,3
2966;01/10/2005;1
2970;01/10/2005;1,5
2971;01/10/2005;0,35
2980;01/10/2005;5,6
2980;22/08/2006;6
2980;23/04/2007;6,1
2980;23/07/2007;6,5
2980;13/08/2007;7
2980;21/08/2007;8
2980;18/03/2008;9,5
2980;21/02/2011;10,5
2991;01/03/2010;0,9
2991;06/06/2011;1
2991;19/11/2011;0,9
2991;01/03/2012;1
2992;26/06/2009;0,9
2992;13/10/2009;0,8
2993;27/07/2009;0,9
2993;13/10/2009;0,8
2994;13/10/2009;3,7
2995;05/11/2009;4
3000;29/09/2002;50
3000;02/12/2004;55
3000;18/10/2006;55
3000;21/02/2008;62,5
3000;27/10/2008;72,5
3000;12/10/2009;72,5
3000;30/12/2009;75
3001;29/09/2002;50
3001;02/12/2004;55
3001;01/10/2005;55
3001;18/10/2006;55
3001;21/02/2008;62,5
3001;27/10/2008;72,5
3001;12/10/2009;72,5
3001;30/12/2009;75
3002;19/11/2004;55
3002;01/12/2004;45
3002;02/12/2004;55
3002;10/08/2005;55
3002;18/10/2006;55
3002;21/02/2008;62,5
3002;27/10/2008;72,5
3002;12/10/2009;72,5
3002;30/12/2009;75
3004;24/05/2004;0,8
3005;29/09/2004;50
3005;02/12/2004;55
3005;01/10/2005;55
3005;18/10/2006;55
3005;21/02/2008;62,5
3005;27/10/2008;72,5
3005;12/10/2009;72,5
3005;30/12/2009;75
3006;24/09/2005;9
3006;20/06/2007;11
3006;17/12/2007;9
3007;01/07/2006;7,5
3008;29/11/2006;11,5
3010;03/12/2008;10
3011;01/02/2010;9
3012;28/05/2010;9
3015;20/05/2009;17,5
3016;09/12/2009;12
3017;09/12/2009;11
3018;23/03/2010;2,2
3019;23/03/2010;2,2
3020;20/04/2010;2
3021;24/04/2010;2
3022;27/04/2010;1
3023;30/04/2010;2
3024;28/09/2002;0
3026;25/05/2012;16,8
3027;25/05/2012;16,8
3028;25/05/2012;16,8
3029;15/05/2012;16,8
4000;28/09/2002;0
4001;29/03/2003;0,02683
4002;29/03/2003;0,019
4003;29/03/2003;0,02029
4004;29/03/2003;0,0282
4015;15/06/2010;2,15
4030;01/09/2007;3,7
4031;01/09/2007;3,7
4032;01/09/2007;3,7
4034;01/11/2007;3,7
5023;01/04/2007;1,245
5023;21/02/2008;47
5093;01/04/2007;86,711
5093;21/02/2008;47
5094;01/04/2007;72,331
5094;21/02/2008;47
5096;01/04/2007;72,329
5096;21/02/2008;47
5105;01/04/2007;1,25
5105;21/02/2008;47
5110;01/04/2007;0,83
5110;15/06/2007;0,4
5110;21/02/2008;47
5152;01/04/2007;18,93
5287;01/04/2007;2,5
5287;21/02/2008;47
5297;01/04/2007;3,5
5297;15/06/2007;1,75
5297;21/02/2008;47
5325;01/04/2007;1,448
5356;01/04/2007;30
5356;21/02/2008;47
5374;01/04/2007;70,922
5374;21/02/2008;47
5377;01/04/2007;70,922
5377;15/06/2007;3,5
5379;01/04/2007;86,709
5379;15/06/2007;4,5
5379;21/02/2008;47
5445;01/04/2007;1,25
5445;15/06/2007;0,8
5445;21/02/2008;47
5445;01/03/2008;1,25
5447;01/04/2007;86,709
5514;01/04/2007;168,112
5554;01/04/2007;58,839
5554;21/02/2008;47
5584;01/04/2007;71,318
5584;21/02/2008;47
5590;01/04/2007;71,318
5590;15/06/2007;3,5
5590;21/02/2008;47
5614;01/04/2007;189,263
5614;21/02/2008;47
5615;01/04/2007;189,263
5615;21/02/2008;47
5640;01/04/2007;31,5
5640;15/06/2007;12
5640;21/02/2008;47
5662;01/04/2007;37,8
5662;21/02/2008;47
5664;01/04/2007;31,5
5664;21/02/2008;47
5680;01/04/2007;45,099
5680;21/02/2008;47
5848;01/04/2007;189,263
5849;01/04/2007;189,263
5849;21/02/2008;47
5886;01/04/2007;168,112
5886;21/02/2008;47
5889;01/04/2007;36
5889;21/02/2008;47
5898;01/04/2007;6
5911;01/04/2007;2,5
5934;01/04/2007;67,544
5936;01/04/2007;70,922
6021;20/07/2008;0,803
6021;30/07/2008;0,803
6022;20/07/2008;0,803
6024;20/07/2008;0,803
6042;20/07/2008;0,513
6045;20/07/2008;0,513
6050;20/07/2008;0,704
6051;20/07/2008;0,704
6052;01/04/2011;0,8
6052;01/05/2012;0,76
6053;01/04/2011;0,8
6053;19/03/2012;0,76
6054;01/04/2011;0,8
6054;19/03/2012;0,76
6055;01/04/2011;0,8
6055;19/03/2012;0,76
6056;01/04/2011;1
6057;01/04/2011;1,2
6057;19/03/2012;1,15
6058;01/04/2011;1,2
6058;01/05/2012;1,15
6059;01/04/2011;0,8
6059;01/09/2012;0,78
6060;01/04/2011;0,8
6060;01/09/2012;0,78
6061;01/04/2011;1,3
6061;01/05/2012;1,23
6062;01/04/2011;1,3
6062;01/05/2012;1,23
6063;01/04/2011;1,3
6063;19/03/2012;1,23
6064;19/03/2012;1,15
6065;19/03/2012;1,15
6066;19/03/2012;1,15
6067;19/03/2012;0,72
6068;19/03/2012;0,72
6070;19/03/2012;0,76
6071;19/03/2012;1,23
6072;19/03/2012;1,15
6072;01/08/2012;1,2
6073;01/10/2012;1,2
6073;01/11/2012;1,2
6074;01/06/2012;0,72
6075;01/06/2012;0,72
6100;01/04/2012;0,78
6101;01/04/2012;0,78
6102;01/04/2012;0,78
6103;01/04/2012;0,78
6105;01/04/2012;1,26
6105;01/09/2012;1,25
6106;01/04/2012;1,26
6106;01/09/2012;1,25
6107;01/04/2012;0,88
6108;01/04/2012;0,88
6109;01/04/2012;1,38
6109;01/09/2012;1,37
6110;01/04/2012;1,38
6110;01/09/2012;1,37
6111;01/04/2012;1,38
6112;01/04/2012;1,26
6112;01/09/2012;1,25
6113;01/04/2012;1,26
6113;01/09/2012;1,25
6114;01/04/2012;1,26
6114;01/09/2012;1,25
6115;01/04/2012;0,88
6116;01/04/2012;0,88
6117;01/04/2012;0,88
6118;01/04/2012;0,78
6119;01/04/2012;1,38
6119;01/09/2012;1,37
6120;01/04/2012;1,28
6121;01/04/2012;1,28
6150;01/08/2012;1345628,78
6151;29/01/2013;112656,13
6999;01/09/2006;0,4
7001;01/10/2005;0,35
7001;01/01/2006;0,35
7001;13/07/2006;0,4
7002;01/10/2005;0,35
7002;01/01/2006;0,35
7002;13/07/2006;0,4
7003;01/10/2005;0,35
7003;01/01/2006;0,35
7003;13/07/2006;0,4
7004;01/10/2005;1,5
7004;13/07/2006;2,2
7004;23/04/2007;2,4
7004;23/07/2007;2,2
7005;01/10/2005;1,5
7005;13/07/2006;2,2
7005;23/04/2007;2,4
7005;23/07/2007;2,2
7006;01/10/2005;1,5
7006;13/07/2006;2,2
7006;23/04/2007;2,4
7006;23/07/2007;2,2
7007;01/01/2006;0,4
7007;18/03/2008;0,42
7008;01/01/2006;0,4
7008;18/03/2008;0,42
7009;01/01/2006;0,4
7009;18/03/2008;0,42
7010;01/10/2005;4,3
7010;01/01/2006;4,3
7010;08/01/2007;5
7010;18/03/2008;6,5
7011;01/10/2005;4,3
7011;01/01/2006;4,3
7011;08/01/2007;5
7011;18/03/2008;6,5
7012;01/10/2005;4,3
7012;01/01/2006;4,3
7012;08/01/2007;5
7012;18/03/2008;6,5
7013;01/10/2005;0,8
7013;22/08/2006;0,85
7013;22/09/2006;1
7013;01/03/2007;0,87
7013;18/03/2008;0,87
7013;03/12/2008;0,85
7013;17/08/2010;1,1
7013;21/02/2011;1,1
7014;01/10/2005;0,8
7014;22/08/2006;0,85
7014;22/09/2006;1
7014;01/03/2007;0,87
7014;18/03/2008;0,87
7014;03/12/2008;0,85
7014;17/08/2010;1,1
7014;21/02/2011;1,1
7015;01/10/2005;0,8
7015;22/08/2006;0,85
7015;22/09/2006;1
7015;01/03/2007;0,87
7015;18/03/2008;0,87
7015;03/12/2008;0,85
7015;17/08/2010;1,1
7015;21/02/2011;1,1
7016;01/01/2006;6,5
7016;18/03/2008;8
7017;01/01/2006;6,5
7017;18/03/2008;8
7018;01/01/2006;6,5
7018;18/03/2008;8
7019;01/01/2006;1,3
7019;01/03/2007;1,7
7019;12/06/2007;1,3
7019;18/03/2008;1,5
7020;01/01/2006;1,3
7020;01/03/2007;1,7
7020;12/06/2007;1,3
7020;18/03/2008;1,5
7021;01/01/2006;1,3
7021;01/03/2007;1,7
7021;12/06/2007;1,3
7021;18/03/2008;1,5
7022;26/06/2006;0,8
7022;13/08/2007;0,8
7022;18/03/2008;0,9
7022;02/05/2008;0,8
7023;26/06/2006;0,8
7023;13/08/2007;0,8
7023;18/03/2008;0,9
7023;02/05/2008;0,8
7024;26/06/2006;0,8
7024;13/08/2007;0,8
7024;18/03/2008;0,9
7024;02/05/2008;0,8
7026;01/10/2005;1,5
7026;13/07/2006;2,2
7026;23/04/2007;2,4
7026;23/07/2007;2,2
7030;25/06/2007;11
7030;18/03/2008;12
7030;21/02/2011;13,5
7031;25/06/2007;11
7031;18/03/2008;12
7031;21/02/2011;13,5
7032;25/06/2007;11
7032;18/03/2008;12
7032;21/02/2011;13,5
7033;16/06/2009;12
7033;21/02/2011;13,5
7034;01/02/2010;12
7035;25/06/2010;12
7035;21/02/2011;13
7036;25/06/2010;12
7036;21/02/2011;13
7037;06/07/2010;12
7037;21/02/2011;13
7040;23/12/2012;6,5
7063;13/12/2011;40
7065;01/12/2012;0,04
7080;09/09/2008;0,5
7080;12/10/2009;0,6
7080;21/02/2011;0,6
7081;26/10/2010;3,5
7081;21/02/2011;4
7112;01/06/2009;0,8
7550;15/03/2012;3,5
7551;15/03/2012;6
7552;15/03/2012;3,9
7553;15/03/2012;7,5
7554;15/03/2012;3,9
7555;15/03/2012;7,5
7556;15/03/2012;3,8
7557;15/03/2012;9,5
7558;15/03/2012;8,2
7559;15/03/2012;19
7560;15/03/2012;8,2
7561;15/03/2012;19
7562;15/03/2012;8,2
7563;15/03/2012;19
7564;15/03/2012;8,2
7565;15/03/2012;19
7566;15/03/2012;5,5
7567;15/03/2012;10
7568;15/03/2012;1,5
7569;15/03/2012;1,5
7570;15/03/2012;1,5
7571;15/03/2012;2,5
7572;15/03/2012;6,5
7573;15/03/2012;1,5
7574;15/03/2012;1,5
7575;15/03/2012;1,5
7576;15/03/2012;1,5
7577;01/08/2012;1,2
7578;01/08/2012;4,5
7579;01/08/2012;1,2
7580;01/08/2012;4,5
